U0001;1;0e7ipj03S05BNilyu5bRzt;rockstar (feat. 21 Savage);4;;;;;;;;;;;;;;;;;;;;;
U0001;2;5qaEfEh1AtSdrdrByCP7qR;Demons;3;;;;;;;;;;;;;;;;;;;;;
U0001;3;7KXjTSCq5nL1LoYtL7XAwS;HUMBLE.;5;;;;;;;;;;;;;;;;;;;;;
U0001;4;7BqHUALzNBTanL6OvsqmC1;Happier;4;;;;;;;;;;;;;;;;;;;;;
U0001;5;7m9OqQk4RVRkw9JJdeAw96;Jocelyn Flores;3;;;;;;;;;;;;;;;;;;;;;
U0001;6;3bNv3VuUOKgrf5hu3YcuRo;Someone Like You;5;;;;;;;;;;;;;;;;;;;;;
U0001;7;2k1yPYf9WGA4LiqcLVwtzn;Another One Bites The Dust;5;;;;;;;;;;;;;;;;;;;;;
U0001;8;2grjqo0Frpf2okIBiifQKs;September;2;;;;;;;;;;;;;;;;;;;;;
U0001;9;2iUXsYOEPhVqEBwsqP70rE;Youngblood;2;;;;;;;;;;;;;;;;;;;;;
U0001;10;1CmUZGtH29Kx36C1Hleqlz;Thrift Shop (feat. Wanz);4;;;;;;;;;;;;;;;;;;;;;
U0001;11;5DxXgozhkPLgrbKFY91w0c;Vete;1;;;;;;;;;;;;;;;;;;;;;
U0001;12;3l9CW99AHtExIRV4hW2N5m;Misery Business;2;;;;;;;;;;;;;;;;;;;;;
U0001;13;1jF7IL57ayN4Ity3jQqGu0;Try;2;;;;;;;;;;;;;;;;;;;;;
U0001;14;5QpaGzWp0hwB5faV8dkbAz;Wherever You Will Go;4;;;;;;;;;;;;;;;;;;;;;
U0001;15;2q4rjDy9WhaN3o9MvDbO21;Kiss Me Thru The Phone;1;;;;;;;;;;;;;;;;;;;;;
U0001;16;1oew3nFNY3vMacJAsvry0S;Me And My Broken Heart;4;;;;;;;;;;;;;;;;;;;;;
U0001;17;0mEdbdeRFQwBhN4xfyIeUM;Can't Tell Me Nothing;1;;;;;;;;;;;;;;;;;;;;;
U0001;18;30QR0ndUdiiMQMA9g1PGCm;...And to Those I Love, Thanks for Sticking Around;2;;;;;;;;;;;;;;;;;;;;;
U0001;19;009ImBOrIUlWgla8U05RAC;Unconditionally;2;;;;;;;;;;;;;;;;;;;;;
U0001;20;40FUdLENDY3sZmHEM25lpE;Paradise;4;;;;;;;;;;;;;;;;;;;;;