U0001,0,64yrDBpcdwEdNY9loyEGbX,21 Guns,5
U0001,1,3w3y8KPTfNeOKPiqUTakBh,Locked out of Heaven,5
U0001,2,3yfqSUWxFvZELEM4PmlwIR,The Real Slim Shady,5
U0001,3,7xoUc6faLbCqZO6fQEYprd,One Last Time,2
U0001,4,2RttW7RAu5nOAfq6YFvApB,Happier,4
U0001,5,0uxSUdBrJy9Un0EYoBowng,20 Min,1
U0001,6,18lR4BzEs7e3qzc0KVkTpU,What I've Done,5
U0001,7,1ni8ZTAY1GHXEFOGHl7fdg,bellyache,4
U0001,8,2x8evxqUlF0eRabbW2JBJd,Fluorescent Adolescent,3
U0001,9,2xGjfbXZnI8uQDhukoQURQ,K.,4
U0001,10,1rdo13Fyl4N3cLQscWYSiY,QUE PRETENDES,2
U0001,11,4TsmezEQVSZNNPv5RJ65Ov,Pon de Replay,5
U0001,12,4JiEyzf0Md7KEFFGWDDdCr,Knockin' On Heaven's Door,5
U0001,13,70FCugJxa7XW04Np6iYJdI,21 Questions,3
U0001,14,7iN1s7xHE4ifF5povM6A48,Let It Be - Remastered 2009,5
U0001,15,1BxfuPKGuaTgP7aM0Bbdwr,Cruel Summer,4
U0001,16,2vtmY2mSccRzKGjtcHSzI3,Diet Mountain Dew,5
U0001,17,7pKfPomDEeI4TPT6EOYjn9,Imagine - Remastered 2010,4
U0001,18,3rPtS4nfpy7PsARctAWpzd,Best Friend,5
U0001,19,4fixebDZAVToLbUCuEloa2,Womanizer,5