U0001,1,4pvb0WLRcMtbPGmtejJJ6y,exile (feat. Bon Iver),2
U0001,2,1tkMs9wDPknQ3ZHcKDw1ES,Buy U a Drank (Shawty Snappin') (feat. Yung Joc),3
U0001,3,1bhUWB0zJMIKr9yVPrkEuI,Perfect Duet (Ed Sheeran & Beyonc?),3
U0001,4,5qEn8c0MBzyRKgQq91Vevi,Out of My League,4
U0001,5,4pAl7FkDMNBsjykPXo91B3,Needed Me,2
U0001,6,6bK9BH9Ts8Gj5JFvnQkzak,Get Busy,5
U0001,7,6jizk5lOUnfpaZXYMdfeC6,Trumpets,2
U0001,8,2X485T9Z5Ly0xyaghN73ed,Let It Happen,3
U0001,9,6ek9SiEj5a65WIs2EV7qiM,Son Of A Preacher Man,3
U0001,10,5STdMlrBf6pqWiNE7WqxSi,Many Men (Wish Death),5
U0001,11,6ic8OlLUNEATToEFU3xmaH,Gimme More,3
U0001,12,6kPJZM97LwdG9QIsT7khp6,Solo (feat. Demi Lovato),3
U0001,13,3bNv3VuUOKgrf5hu3YcuRo,Someone Like You,2
U0001,14,7ks6AZmFcm3Y6PGGxGSmlB,Where Them Girls At (feat. Nicki Minaj & Flo Rida),4
U0001,15,4cH7XOPBjVUD5Mwo9F2TVz,Love Myself,1
U0001,16,2BJSMvOGABRxokHKB0OI8i,Shoota (feat. Lil Uzi Vert),5
U0001,17,4S8d14HvHb70ImctNgVzQQ,I Love It (& Lil Pump),5
U0001,18,18vXApRmJSgQ6wG2ll9AOg,RAPSTAR,5
U0001,19,1wb4P4F0sxAQ2KXrRvsx6n,You're Still The One,3
U0001,20,0GO8y8jQk1PkHzS31d699N,Tongue Tied,1
