f1,f2,v1,v2,prob,total_count,success_count,score
popularity_bin,year_bin,high,1990s,0.4444444444444444,34,15,0.004984762812283204
popularity_bin,year_bin,very_high,2020s,0.38095238095238093,40,15,0.004984762812283204
popularity_bin,year_bin,very_high,2000s,0.3645833333333333,94,34,0.004984762812283204
popularity_bin,year_bin,very_low,2000s,0.32075471698113206,51,16,0.004984762812283204
popularity_bin,year_bin,low,pre_1980,0.2978723404255319,45,13,0.004984762812283204
popularity_bin,year_bin,very_high,2010s,0.2879581151832461,189,54,0.004984762812283204
popularity_bin,year_bin,high,2010s,0.24853801169590642,340,84,0.004984762812283204
popularity_bin,year_bin,high,2000s,0.23170731707317074,80,18,0.004984762812283204
popularity_bin,year_bin,very_low,2020s,0.20915032679738563,151,31,0.004984762812283204
popularity_bin,year_bin,low,2010s,0.19771863117870722,261,51,0.004984762812283204
popularity_bin,year_bin,low,2020s,0.18085106382978725,92,16,0.004984762812283204
popularity_bin,year_bin,high,2020s,0.17543859649122806,55,9,0.004984762812283204
popularity_bin,year_bin,very_low,2010s,0.15037593984962405,264,39,0.004984762812283204
popularity_bin,year_bin,low,2000s,0.11475409836065574,59,6,0.004984762812283204
popularity_bin,duration_bin,high,long,0.44,48,21,0.004750855749274729
popularity_bin,duration_bin,low,long,0.42857142857142855,40,17,0.004750855749274729
popularity_bin,duration_bin,very_high,medium,0.3179190751445087,344,109,0.004750855749274729
popularity_bin,duration_bin,high,medium,0.24700239808153476,415,102,0.004750855749274729
popularity_bin,duration_bin,high,short,0.2,83,16,0.004750855749274729
popularity_bin,duration_bin,very_low,medium,0.19736842105263158,378,74,0.004750855749274729
popularity_bin,duration_bin,low,medium,0.17366946778711484,355,61,0.004750855749274729
popularity_bin,duration_bin,very_low,short,0.168141592920354,111,18,0.004750855749274729
popularity_bin,duration_bin,low,short,0.16483516483516483,89,14,0.004750855749274729
ab_danceability_value,popularity_bin,not_danceable,very_high,0.37398373983739835,121,45,0.00421181510273522
ab_danceability_value,popularity_bin,not_danceable,high,0.3218390804597701,172,55,0.00421181510273522
ab_danceability_value,popularity_bin,danceable,very_high,0.2878228782287823,269,77,0.00421181510273522
ab_danceability_value,popularity_bin,not_danceable,very_low,0.26851851851851855,106,28,0.00421181510273522
ab_danceability_value,popularity_bin,not_danceable,low,0.26282051282051283,154,40,0.00421181510273522
ab_danceability_value,popularity_bin,danceable,high,0.22606382978723405,374,84,0.00421181510273522
ab_danceability_value,popularity_bin,danceable,very_low,0.17206982543640897,399,68,0.00421181510273522
ab_danceability_value,popularity_bin,danceable,low,0.15963855421686746,330,52,0.00421181510273522
ab_genre_rosamerica_value,popularity_bin,hip,very_high,0.3918918918918919,72,28,0.004119813832623007
ab_genre_rosamerica_value,popularity_bin,roc,very_high,0.36507936507936506,61,22,0.004119813832623007
ab_genre_rosamerica_value,popularity_bin,roc,very_low,0.3333333333333333,43,14,0.004119813832623007
ab_genre_rosamerica_value,popularity_bin,pop,very_high,0.3088235294117647,134,41,0.004119813832623007
ab_genre_rosamerica_value,popularity_bin,roc,low,0.2765957446808511,45,12,0.004119813832623007
ab_genre_rosamerica_value,popularity_bin,dan,high,0.2727272727272727,31,8,0.004119813832623007
ab_genre_rosamerica_value,popularity_bin,rhy,very_high,0.2716049382716049,79,21,0.004119813832623007
ab_genre_rosamerica_value,popularity_bin,roc,high,0.26785714285714285,54,14,0.004119813832623007
ab_genre_rosamerica_value,popularity_bin,hip,high,0.2676056338028169,69,18,0.004119813832623007
ab_genre_rosamerica_value,popularity_bin,rhy,high,0.2603550295857988,167,43,0.004119813832623007
ab_genre_rosamerica_value,popularity_bin,hip,very_low,0.2597402597402597,75,19,0.004119813832623007
ab_genre_rosamerica_value,popularity_bin,dan,very_low,0.2553191489361702,45,11,0.004119813832623007
ab_genre_rosamerica_value,popularity_bin,dan,very_high,0.25,38,9,0.004119813832623007
ab_genre_rosamerica_value,popularity_bin,pop,high,0.2383177570093458,212,50,0.004119813832623007
ab_genre_rosamerica_value,popularity_bin,rhy,low,0.20441988950276244,179,36,0.004119813832623007
ab_genre_rosamerica_value,popularity_bin,pop,very_low,0.18562874251497005,165,30,0.004119813832623007
ab_genre_rosamerica_value,popularity_bin,pop,low,0.18309859154929578,140,25,0.004119813832623007
ab_genre_rosamerica_value,popularity_bin,hip,low,0.18055555555555555,70,12,0.004119813832623007
ab_genre_rosamerica_value,popularity_bin,dan,low,0.17391304347826086,44,7,0.004119813832623007
ab_genre_rosamerica_value,popularity_bin,rhy,very_low,0.12422360248447205,159,19,0.004119813832623007
ab_timbre_value,duration_bin,bright,long,0.5098039215686274,49,25,0.003783858038528158
ab_timbre_value,duration_bin,dark,long,0.3,78,23,0.003783858038528158
ab_timbre_value,duration_bin,dark,medium,0.27247579529737204,721,196,0.003783858038528158
ab_timbre_value,duration_bin,dark,short,0.20652173913043478,182,37,0.003783858038528158
ab_timbre_value,duration_bin,bright,medium,0.19534282018111254,771,150,0.003783858038528158
ab_timbre_value,duration_bin,bright,short,0.15079365079365079,124,18,0.003783858038528158
ab_danceability_value,duration_bin,danceable,long,0.39285714285714285,54,21,0.003691488879995162
ab_danceability_value,duration_bin,not_danceable,long,0.37333333333333335,73,27,0.003691488879995162
ab_danceability_value,duration_bin,not_danceable,medium,0.31143552311435524,409,127,0.003691488879995162
ab_danceability_value,duration_bin,not_danceable,short,0.2054794520547945,71,14,0.003691488879995162
ab_danceability_value,duration_bin,danceable,medium,0.20276497695852536,1083,219,0.003691488879995162
ab_danceability_value,duration_bin,danceable,short,0.17721518987341772,235,41,0.003691488879995162
ab_mood_party_value,popularity_bin,not_party,very_high,0.32916666666666666,238,78,0.0035225803165810166
ab_mood_party_value,popularity_bin,not_party,high,0.30029154518950435,341,102,0.0035225803165810166
ab_mood_party_value,popularity_bin,party,very_high,0.2922077922077922,152,44,0.0035225803165810166
ab_mood_party_value,popularity_bin,not_party,low,0.2126984126984127,313,66,0.0035225803165810166
ab_mood_party_value,popularity_bin,party,very_low,0.2037914691943128,209,42,0.0035225803165810166
ab_mood_party_value,popularity_bin,not_party,very_low,0.18456375838926176,296,54,0.0035225803165810166
ab_mood_party_value,popularity_bin,party,high,0.18357487922705315,205,37,0.0035225803165810166
ab_mood_party_value,popularity_bin,party,low,0.15606936416184972,171,26,0.0035225803165810166
ab_danceability_value,year_bin,not_danceable,pre_1980,0.4473684210526316,36,16,0.003483180001729033
ab_danceability_value,year_bin,not_danceable,1990s,0.40476190476190477,40,16,0.003483180001729033
ab_danceability_value,year_bin,not_danceable,2010s,0.31221719457013575,219,68,0.003483180001729033
ab_danceability_value,year_bin,danceable,1990s,0.29545454545454547,42,12,0.003483180001729033
ab_danceability_value,year_bin,not_danceable,2000s,0.2814814814814815,133,37,0.003483180001729033
ab_danceability_value,year_bin,not_danceable,2020s,0.27631578947368424,74,20,0.003483180001729033
ab_danceability_value,year_bin,danceable,2000s,0.24836601307189543,151,37,0.003483180001729033
ab_danceability_value,year_bin,danceable,pre_1980,0.23214285714285715,54,12,0.003483180001729033
ab_danceability_value,year_bin,not_danceable,1980s,0.22641509433962265,51,11,0.003483180001729033
ab_danceability_value,year_bin,danceable,2020s,0.19548872180451127,264,51,0.003483180001729033
ab_danceability_value,year_bin,danceable,2010s,0.1923536439665472,835,160,0.003483180001729033
ab_mood_relaxed_value,popularity_bin,relaxed,very_high,0.3442622950819672,242,83,0.003425461593629643
ab_mood_relaxed_value,popularity_bin,relaxed,high,0.2807017543859649,397,111,0.003425461593629643
ab_mood_relaxed_value,popularity_bin,not_relaxed,very_high,0.26666666666666666,148,39,0.003425461593629643
ab_mood_relaxed_value,popularity_bin,not_relaxed,very_low,0.23163841807909605,175,40,0.003425461593629643
ab_mood_relaxed_value,popularity_bin,relaxed,low,0.20670391061452514,356,73,0.003425461593629643
ab_mood_relaxed_value,popularity_bin,not_relaxed,high,0.19205298013245034,149,28,0.003425461593629643
ab_mood_relaxed_value,popularity_bin,relaxed,very_low,0.1716867469879518,330,56,0.003425461593629643
ab_mood_relaxed_value,popularity_bin,not_relaxed,low,0.15384615384615385,128,19,0.003425461593629643
ab_voice_instrumental_value,popularity_bin,instrumental,very_high,0.37142857142857144,138,51,0.003160553878629605
ab_voice_instrumental_value,popularity_bin,instrumental,high,0.30256410256410254,193,58,0.003160553878629605
ab_voice_instrumental_value,popularity_bin,voice,very_high,0.28346456692913385,252,71,0.003160553878629605
ab_voice_instrumental_value,popularity_bin,voice,high,0.23098591549295774,353,81,0.003160553878629605
ab_voice_instrumental_value,popularity_bin,instrumental,low,0.22151898734177214,156,34,0.003160553878629605
ab_voice_instrumental_value,popularity_bin,instrumental,very_low,0.20915032679738563,151,31,0.003160553878629605
ab_voice_instrumental_value,popularity_bin,voice,very_low,0.1853932584269663,354,65,0.003160553878629605
ab_voice_instrumental_value,popularity_bin,voice,low,0.1787878787878788,328,58,0.003160553878629605
